<?xml version="1.0" encoding="UTF-8"?>

<root>
  <map key="path_3" value="gathering"/>
  <map key="package" value="com.tensquare.gathering"/>
  <map key="path_2" value="tensquare"/>
  <map key="dbpassword" value="123456"/>
  <map key="author" value="\u9ed1\u9a6c"/>
  <map key="projectComment" value="\u5341\u6b21\u65b9"/>
  <map key="project" value="tensquare"/>
  <map key="dbuser" value="root"/>
  <map key="path_1" value="com"/>
  <map key="db" value="tensquare_gathering"/>
  <map key="path_all" value="com/tensquare/gathering"/>
</root>
