<?xml version="1.0" encoding="UTF-8"?>

<db name="tensquare_gathering" driverName="com.mysql.jdbc.Driver" userName="root" passWord="123456" url="jdbc:mysql://127.0.0.1:3306/tensquare_gathering?useUnicode=true&amp;amp;characterEncoding=UTF8">
  <property name="databaseTYPE">MYSQL</property>
  <property name="dialect">org.hibernate.dialect.MySQLInnoDBDialect</property>
  <property name="generator">&lt;![CDATA[&lt;generator class="native"&gt;&lt;/generator&gt;]]&gt;</property>
  <property name="driverName">com.mysql.jdbc.Driver</property>
  <property name="url">jdbc:mysql://127.0.0.1:3306/tensquare_gathering?useUnicode=true&amp;amp;characterEncoding=UTF8</property>
  <table name="tb_gathering" name2="gathering" comment="" key="id">
    <column name="id" name2="id" type="String" dbtype="VARCHAR" comment="\u7f16\u53f7" key="PRI" decimal_digits="0" colums_size="20"/>
    <column name="name" name2="name" type="String" dbtype="VARCHAR" comment="\u6d3b\u52a8\u540d\u79f0" key="" decimal_digits="0" colums_size="100"/>
    <column name="summary" name2="summary" type="String" dbtype="TEXT" comment="\u5927\u4f1a\u7b80\u4ecb" key="" decimal_digits="0" colums_size="65535"/>
    <column name="detail" name2="detail" type="String" dbtype="TEXT" comment="\u8be6\u7ec6\u8bf4\u660e" key="" decimal_digits="0" colums_size="65535"/>
    <column name="sponsor" name2="sponsor" type="String" dbtype="VARCHAR" comment="\u4e3b\u529e\u65b9" key="" decimal_digits="0" colums_size="100"/>
    <column name="image" name2="image" type="String" dbtype="VARCHAR" comment="\u6d3b\u52a8\u56fe\u7247" key="" decimal_digits="0" colums_size="100"/>
    <column name="starttime" name2="starttime" type="java.util.Date" dbtype="DATETIME" comment="\u5f00\u59cb\u65f6\u95f4" key="" decimal_digits="0" colums_size="19"/>
    <column name="endtime" name2="endtime" type="java.util.Date" dbtype="DATETIME" comment="\u622a\u6b62\u65f6\u95f4" key="" decimal_digits="0" colums_size="19"/>
    <column name="address" name2="address" type="String" dbtype="VARCHAR" comment="\u4e3e\u529e\u5730\u70b9" key="" decimal_digits="0" colums_size="100"/>
    <column name="enrolltime" name2="enrolltime" type="java.util.Date" dbtype="DATETIME" comment="\u62a5\u540d\u622a\u6b62" key="" decimal_digits="0" colums_size="19"/>
    <column name="state" name2="state" type="String" dbtype="VARCHAR" comment="\u662f\u5426\u53ef\u89c1" key="" decimal_digits="0" colums_size="1"/>
    <column name="city" name2="city" type="String" dbtype="VARCHAR" comment="\u57ce\u5e02" key="" decimal_digits="0" colums_size="20"/>
  </table>
</db>
